id,title,author,length,difficulty,rating,tags
12487,A Blaze of Glory: Chapter One,Marmotlord,3,4,4.52,fantasy;war;zombie
50303,A Chosen Hero,EbonVasilis,6,5,5.71,contest entry;fantasy;romance
27800,A Dragon's Legend,Wolfmist,2,3,3.72,animal perspective;fantasy
60232,A Fiery Winter,lopz66,6,6,5.42,contest entry;fantasy
14237,"A Hero is Born, Episode 2",hugo23,4,3,4.56,fantasy;serious;war
14188,A Hero is Born..,hugo23,2,4,3.97,fantasy;serious
34956,A Magical Tale,adventurer,2,3,3.37,fantasy
36321,A Tale of War: Thragnazil,TheBossWriter,3,6,4.33,drama;fantasy;serious;war
27880,Adventures of a Normal Man,GrottyStatute74,3,2,4.29,fantasy;humor
60671,Anaria: Quest for the Sword of Light,BrighamOlsen24,3,6,4.09,action adventure;fantasy;romance;serious
61367,Anaria: The Demon Necromancer,BrighamOlsen24,3,6,3.3,action adventure;fantasy
10489,Antedilluvia,Secretstarz7,3,2,4.55,fantasy;serious;socially important
25548,Arakhan's Vengeance,elfred,6,3,6.23,fantasy
45379,Awakening of the Tower (Roguelike RPG),Negative,2,4,5.79,fantasy
5587,Behemoth,somerandomperson,1,6,3.95,fantasy;humor
65742,Blackbirds,ninjapitka,7,7,7.13,action adventure;fantasy;humor;war
13922,Bloodlines,Endrew,2,4,3.9,fantasy;serious
25584,Blue Light Saga,CobaltBlaze,2,4,4.24,fantasy
17576,Bob and His Adventure,ohlookitstrang,2,3,3.33,fantasy;humor
1118,Braak the Briton (Redux Edition),redstorm,4,5,5.43,fantasy;historical;humor;previously featured
10721,Celestial Lies: Chapter One,joshdragon,4,5,4.81,fantasy
106,Chess Master Stan!,imthechessking,2,4,4.15,fantasy;humor
10512,Conquest: Chapter I,giamonic,2,4,3.63,fantasy;serious;war
30352,De Milite Inprudenti,BradinDvorak,2,5,5.67,fantasy;humor;puzzle
30321,Death Becomes You,krisspy451,2,2,3.44,fantasy
16109,Demons Stole the Sky,epiclab,3,6,3.82,fantasy
29206,Different Universe,hayesa,5,3,4.07,fantasy;romance;serious;war;zombie
24535,Discovering Solinelia Island: Chapter 1,TheSophia,2,3,3.54,fantasy
10056,Dragon Ages,socialspider,1,3,3.12,animal perspective;fantasy
19882,Dragon Tale,Alexbeta76,2,3,3.53,fantasy
61827,Dreamtruder,Mystic_Warrior,7,4,6.43,action adventure;contest entry;fantasy
19780,ENG4U1 Seminar Game,pseudomania,2,4,4.5,fantasy
28962,Era of Shadows: The Cloaked Dagger,ItanoCircus,5,3,5.23,fantasy;serious;war
33454,Escape the Snow Cave,Lifina,2,4,3.63,fantasy
47074,Extinct,Saika,3,2,3.87,fantasy;post-apocalyptic
16107,Extra Life,Kamayla,3,4,4.77,fantasy;puzzle
38757,First Adventure!,RodWarrior,2,1,3.2,fantasy;humor
40489,Footink: Fantasy Cave City,arellaleaf,3,7,4.67,fantasy
46107,Forest of Past Voices,Orange,3,3,4.28,fantasy
48393,From A Great Height,Saika,6,5,6.05,contest entry;fantasy
11393,Frozen Bones,Storvolleng,2,3,3.83,fantasy;zombie
18504,Get out alive,cMitchell3,2,6,4.42,fantasy;humor;puzzle;serious
42701,Hollow Hearth,Airion,2,1,3.5,fantasy;horror;humor;romance
31243,I As a Character,nikkynik,3,6,3.17,fantasy
10634,Innkeeper,EndMaster,6,6,6.47,fantasy;humor;previously featured;serious
20983,Kittens of FAT,Zephyrme2847,5,8,5.08,fantasy;humor
11178,Lilly and the Peddler,casmith,2,3,5.09,fantasy
9444,Lilly of the Forest,casmith,2,1,4.27,fantasy
38431,Magellan 1: Race into the Great Unknown,Will11,5,4,5.71,fantasy
38774,Magellan 2: Fight for Beliefs,Will11,5,4,6.25,fantasy
39055,Magellan 3: Journey to New Horizons,Will11,5,4,5.92,fantasy
39595,Magellan 4: Search for Original Ideas,Will11,6,4,5.91,fantasy
470,Magus: Betrayal,Karacan,5,5,5.99,fantasy;previously featured;serious
45493,Mala,badwolfgirl,2,2,3.53,fantasy;science fiction
17306,Mercenary Queen (Part 1): Escape from Essitrea,Drydenhouse,5,5,5.27,fantasy;serious;war;zombie
33462,Mercenary Queen (Part 3): The Hemlock Band,Drydenhouse,4,5,4.55,fantasy;serious
33496,Mercenary Queen (Part 3): The Hemlock Band (Act B),Drydenhouse,4,5,3.74,fantasy;female protagonist;war
61583,Merlin: Origins,Shadowdrake27,5,5,5.81,contest entry;fantasy;historical;humor;puzzle
18722,My Life as a Magician,MGREE,2,3,3.6,fantasy
64095,Nameless,ninjapitka,6,5,6.51,action adventure;fantasy;war
63197,Nami & Lili's Firefly Adventure,MrDaoYi,2,2,3.68,family-friendly;fantasy
9978,Overthrown 2: A World Without a King,ramerman,5,1,5.82,fantasy;serious
9958,Overthrown: The Makings of a God,ramerman,3,1,5.39,fantasy;serious
60128,Paper-Mache,jster02,6,3,5.16,contest entry;fantasy;serious
47509,Penthos,Orange,5,4,5.11,contest entry;fantasy
9095,Psychedelic,greenhalos,2,5,3.3,fantasy;humor
10226,Raceia,mrchak,2,5,3.08,fantasy
23179,Rat Story,Steve_Greg,3,3,3.63,fantasy;war
29597,Return to Vinia,bbrady,4,3,5.53,fantasy;serious
40947,Rings of Stone,Aardvark,5,6,5.04,contest entry;fantasy
9789,Rise of a Hero,Romulus,3,3,4.82,fantasy
13349,Rising Flames,FeanorOnForge,6,6,5.83,fantasy
52961,"Roamers, Part 1: The Road to Safety",ultraoverlord,6,5,4.76,dystopia;fantasy;post-apocalyptic;zombie
54639,Rogues,EndMaster,8,8,7.38,anti-hero;fantasy;humor;serious
9687,Runaway,heeheeAHAHA,4,4,4.0,fantasy;serious
38932,Runes of Yeu,thatoneguyoverthere,2,4,4.44,fantasy
18496,Sacrifice,Bethius,2,1,4.51,fantasy;serious
9918,Save Your Dragon,Killer999,5,4,5.51,fantasy;war
51334,"Silver Horn, Silver Hooves",mizal,6,5,6.56,animal perspective;family-friendly;fantasy;female protagonist;socially important
58046,Sir Osis,Cricket,4,2,6.1,contest entry;fantasy;humor
45480,Slaying Song,BradinDvorak,2,3,6.13,contest entry;fantasy
50613,Song of Nothing,Orange,2,1,3.74,contest entry;fantasy
19493,Songs to Say Goodbye,AceofRoses,2,2,4.64,drama;fantasy;serious
18645,Sora (Chapter 1),esmeefallen,3,4,3.42,fantasy;romance
27163,Survive or Conquer,37davidg,3,2,4.42,fantasy;historical;socially important;war
5388,Tastes Like Chicken,somerandomperson,2,3,4.66,fantasy;humor
17620,The Adventure into Albanon: Chapter 1,SoulStar,2,4,3.54,fantasy
45266,The Bard's Tale,pugpup1,2,3,6.41,contest entry;fantasy
19778,The Bloods: Chapter 1,syncingship,2,1,3.6,fantasy
23928,The Cliche Adventures of a Generic Hero,Bucky,6,5,5.66,fantasy;humor;war
38525,The Curse of Norgurune,TheBossWriter,3,5,4.11,contest entry;fantasy;puzzle;serious
64822,"The Dark, Smelly, Fatal Prison",MrDaoYi,2,3,3.53,fantasy;supernatural
36085,The Deeps,TheBossWriter,3,5,3.37,fantasy;horror;serious
54961,The Duet,WouldntItBeNice,3,3,4.78,drama;fantasy;serious
36462,The Elf Princess,Krazystorm,3,6,4.14,fantasy
61587,The Essucian Dragon,Cupcakitty__13,4,3,4.23,animal perspective;contest entry;fantasy;female protagonist
37416,"The faery, the toller and the rusty door",Thembile,3,4,4.08,fantasy;serious
25611,The Finisher,CobaltBlaze,2,2,4.09,fantasy
26777,The Fox and The Fawn,grace98,6,3,5.78,animal perspective;drama;fantasy;romance
2272,The Gauntlet,Badger,2,6,4.78,fantasy;serious
2302,The Gauntlet II: Returning Home,Badger,5,6,5.48,fantasy;previously featured;serious
47568,The Journey of Seamus Dregg,Vortigaunt95,2,2,3.76,fantasy
58502,The King's Command,ninjapitka,5,4,5.34,contest entry;fantasy;war
64492,The Labyrinth of Mizero,sarahcho711,4,5,3.54,fantasy
54011,The Last Chieftain,corgi213,6,4,6.13,anti-hero;contest entry;fantasy
36247,The Leacher: Complete Edition,Ronhil12,5,1,3.49,fantasy
60875,The Lonely King,Ferany,3,5,4.1,action adventure;drama;edgelord;fantasy;grimdark;post-apocalyptic;serious
53514,The Monster near the Village,haleybughime,2,2,3.69,fantasy
34751,The Orb of Detroit,gpappami,2,1,3.02,fantasy
7513,The Pictures from the Prophecy,Chucklemoowebs,2,4,3.51,fantasy;serious
16710,The Right Way,GuardsGhost,2,3,4.09,fantasy;serious;war
62679,The Scary Night,WouldntItBeNice,2,2,4.26,contest entry;fantasy;female protagonist;horror
10183,The Search For The Craxil,jlwelch,6,6,5.59,fantasy
64824,The Unravelling of Order,fluttershypegasus,4,3,4.59,animal perspective;contest entry;fantasy;grimdark
8875,The Vampire Hunter,Wonko_the_Sane,2,5,5.05,fantasy;humor
15494,The very short tale of Bara,mistman96,2,2,3.76,fantasy
57746,The Will Of The Lord,ShoujoAddict,5,4,4.59,based off a true story;contest entry;fantasy;serious
15986,Three Keys,Vics321,2,2,5.47,fantasy;serious
30423,Three Seas,MrMacBowtie,2,6,3.7,fantasy
38507,Tower of Doom,Negative,2,4,4.06,contest entry;fantasy
5814,U R: A Magician,Rodney,2,3,3.57,fantasy;humor
60539,Unbroken,ninjapitka,6,5,7.11,action adventure;fantasy;war
38691,Under The Bridge,betaband,1,1,3.29,fantasy;humor
21887,Unforgiven,camryndoty,2,5,3.8,fantasy;serious
40781,Vampirium: The Count,Negative,3,2,4.62,fantasy;serious
17394,Vanvid,mistman96,6,2,4.5,fantasy
35389,Vias,Ronhil12,6,4,3.88,fantasy
59583,Wicked Garden,TheSchroe,2,4,3.68,fantasy;mystery;puzzle
58487,YeeHaw,AlexSchedel,2,3,3.61,fantasy;western
48438,Zurigul the Incompetent,AJB29,2,1,4.08,fantasy;humor
52067,A Witch's Inheritance,Mynoris,5,4,5.67,contest entry;drama;fantasy;female protagonist;grimdark
64785,Brimstone,enterpride,4,1,5.97,anti-hero;based off a true story;biblical;contest entry;drama;dystopia;edgelord;family-friendly;fantasy;grimdark;horror;serious;socially important;spiritual;supernatural
52499,Broken Chains: Blood on the Marble,Malkalack,4,5,5.93,contest entry;dystopia;fantasy;grimdark;serious
8041,Death Song,EndMaster,6,8,7.17,fantasy;grimdark;serious;war
65149,Dog Day,Chris113022,2,1,4.13,contest entry;dystopia;edgelord;fantasy;grimdark;villain protagonist
10638,Eternal,EndMaster,8,8,7.28,dystopia;fantasy;grimdark;serious;villain protagonist;war
66576,Gunslinger,ninjapitka,5,5,6.95,action adventure;anti-hero;contest entry;fantasy;grimdark;western
36791,Mazkil,Steve24833,6,4,6.07,fantasy;grimdark;war
7397,Necromancer,EndMaster,6,8,7.21,fantasy;grimdark;serious;villain protagonist;war
45866,Prophecy,Steve24833,7,4,6.45,fantasy;grimdark
66476,Propheteering,WizzyCat,5,6,5.54,contest entry;fantasy;grimdark;socially important;villain protagonist
64475,Sheol's Passage and the Fallen,ninjapitka,6,4,6.47,action adventure;anti-hero;fantasy;grimdark;superhero
64921,The Book and Devil's Altar,ninjapitka,6,6,7.28,action adventure;anti-hero;contest entry;edgelord;fantasy;grimdark
52108,The Dolls' Quest,ThomasLaHomme,5,4,6.14,fantasy;grimdark
53134,The Lost Realm,EbonVasilis,6,6,6.37,contest entry;fantasy;grimdark;romance
37696,The Path of Death,Steve24833,7,4,6.94,fantasy;grimdark;zombie
66623,"The Pure, the Vile and the Deadly",EndMaster,7,8,7.72,fantasy;female protagonist;grimdark;villain protagonist;war
60258,The Story of Count Osmond Jorgensen,Fluxion,3,2,4.36,contest entry;fantasy;grimdark
65138,The Tale of The Foolish Princess,TharaApples,6,4,6.68,contest entry;fantasy;female protagonist;grimdark;humor;previously featured;war
65273,Vincha,Celicni,5,5,5.69,contest entry;edgelord;fantasy;grimdark;historical;villain protagonist;war
63635,"Winter, After the Harvest",hetero_malk,6,6,7.17,anti-hero;contest entry;fantasy;grimdark;post-apocalyptic;serious;supernatural;villain protagonist
56430,>DEVOTION,mizal,2,1,5.42,dystopia;post-apocalyptic;science fiction;scifi
6000,2205,Anubis,2,3,3.86,post-apocalyptic;science fiction;scifi;serious
16683,A Fantastic Journey,Teslin,3,3,4.6,science fiction;scifi;serious
45147,A Mars adventure,Hable27,3,2,3.44,science fiction;scifi
66188,A Metric Measurment of Death,DerPrussen,2,4,4.48,cyberpunk;scifi
33980,A UFO at School,Ogre11,2,1,4.25,drama;science fiction;scifi
9972,A.M.I.E. (1.1),alienalpha,3,5,4.29,scifi
29489,Achilles,Chase223,6,3,6.79,previously featured;science fiction;scifi;war
31696,Achilles II: The Chykri,Chase223,6,4,6.88,science fiction;scifi;war
56742,Agent of Order,mizal,6,3,6.63,contest entry;female protagonist;mystery;previously featured;science fiction;scifi;socially important
38882,AI Nightmare,ai_master,3,7,4.64,cyberpunk;science fiction;scifi
10892,all because of a breakfast sandwich,cumminse,2,1,3.21,fantasy;humor;science fiction;scifi
10423,An Escape from Ruin,thebookthief,2,6,3.55,scifi;serious
56763,Aphrodite's Orphan,ThomasLaHomme,7,5,6.25,fantasy;female protagonist;lgbt;science fiction;scifi
5750,Bounty Hunter,Rodney,2,3,3.09,science fiction;scifi;serious
65538,Cannibal Apocalypse,enterpride,2,7,4.74,scifi;socially important
7404,Captured!,tsmpaul,2,4,5.14,previously featured;science fiction;scifi;serious;war
25885,Clear Sky,Negative,2,1,3.82,contest entry;post-apocalyptic;scifi
8612,Crash Landing,NealShustermanFan,2,3,3.14,humor;science fiction;scifi
27482,Cryogenic Failure,Ogre11,4,1,5.34,science fiction;scifi
65764,CYBERMONKEY,hetero_malk,2,3,6.16,anti-hero;cyberpunk;edgelord;humor;science fiction;scifi
23287,Dead space,ervol1,1,3,3.33,science fiction;scifi
43664,Dusty Fist,Chris113022,2,3,5.18,humor;post-apocalyptic;scifi;western
59295,Dusty Fist 2: Electric Boogaloo,Chris113022,2,4,5.62,contest entry;humor;post-apocalyptic;scifi;western
66107,Engineered Desires,fluttershypegasus,2,1,3.99,contest entry;cyberpunk;dystopia;science fiction;scifi
9807,Evolve (1.2),alienalpha,5,6,5.15,puzzle;scifi
61545,Eyes on a Moon of Blindness,Bill_Ingersoll,6,1,5.58,female protagonist;post-apocalyptic;science fiction;scifi;serious
7393,Ground Zero,EndMaster,7,8,6.89,post-apocalyptic;scifi;serious;war
63080,Happy(TM),Orange,2,2,5.0,dystopia;edgelord;post-apocalyptic;scifi;villain protagonist
12370,Hive Mind,Dreamweaver,2,5,3.61,science fiction;scifi;serious;war
9903,Homo Perfectus,SindriV,4,4,6.65,puzzle;scifi;serious
9907,Homo Perfectus 2,SindriV,5,5,6.79,puzzle;scifi;serious
9935,Homo Perfectus 3,SindriV,5,5,6.9,previously featured;puzzle;scifi;serious
10872,Homo Perfectus 4,SindriV,6,4,6.97,scifi;serious;socially important
10963,Homo Perfectus 5,SindriV,7,4,6.37,scifi;socially important
12123,Homo Perfectus 7,SindriV,6,4,6.59,scifi;serious;socially important;war
63132,I Don't Need Air to Breathe,TheCanary,4,4,4.69,action adventure;anti-hero;contest entry;drama;female protagonist;horror;romance;science fiction;scifi;villain protagonist
63163,In the Fields,AlexSchedel,4,3,4.42,science fiction;scifi
11777,Island Attack: Escape,betaband,2,6,3.46,scifi;serious;war
11750,Island Attack: Raid,betaband,2,4,3.35,scifi;war
53957,Isotope 239,Killerainbow,5,3,3.66,dystopia;post-apocalyptic;science fiction;scifi
29765,Just Another Average Joe,Rocket,2,3,3.78,humor;science fiction;scifi
66108,KRYSIS,Cromwell,7,5,4.4,contest entry;cyberpunk;dystopia;scifi;serious;socially important
6823,Light Space,tsmpaul,5,5,6.26,previously featured;scifi;serious
63097,Liquid Metal,poison_mara,2,2,3.59,anti-hero;dystopia;post-apocalyptic;scifi
61046,Machine Contact,FeelsGoodman,2,3,4.05,psychological;science fiction;scifi
10898,Manske's Island,sethjaworski,2,6,3.53,science fiction;scifi;serious
59198,Marooned on Giri Minor,Bill_Ingersoll,6,4,6.08,previously featured;science fiction;scifi
7426,Mechanised Assault Unit,tsmpaul,4,4,5.51,previously featured;scifi;serious;war
65131,Messiah for hire,poison_mara,5,4,5.16,contest entry;dystopia;humor;scifi
9839,Mind Games,bradhal,4,6,3.91,humor;puzzle;scifi;serious;socially important;war
61807,One Tiny but Mighty Pilchangk Adventure,SKOL,3,3,4.35,action adventure;humor;science fiction;scifi
7566,Paradise Violated,EndMaster,6,6,6.36,scifi;serious;war
62052,Phoenix Whip,poison_mara,4,3,5.28,dystopia;science fiction;scifi
61544,Planet Mopper,poison_mara,6,3,5.68,contest entry;dystopia;humor;science fiction;scifi
40712,Prometheus Academy,Steve24833,6,4,6.31,contest entry;scifi
40213,Property,abrambleninja,2,2,3.83,science fiction;scifi
9037,Puppet without strings,maheusz,3,5,4.46,scifi;serious;socially important;war
63662,Quicksand,poison_mara,4,4,4.43,contest entry;grimdark;scifi;villain protagonist
56529,Red Fools,Chanbot,3,1,4.71,contest entry;humor;lgbt;science fiction;scifi
48455,Sanctimonium: Lambs and Wolves,Cking,6,4,4.59,dystopia;scifi;serious
14274,Sanity in Turmoil,LovelyRita,3,5,3.67,post-apocalyptic;scifi;war
51929,Scum,Digit,6,7,5.43,contest entry;fantasy;science fiction;scifi;war
59241,Secret of the Grass Planet,Bill_Ingersoll,7,7,6.33,mystery;science fiction;scifi
30507,Survivors,Ogre11,5,1,5.28,contest entry;drama;dystopia;post-apocalyptic;scifi;serious
53091,TechNOIR,Chris113022,2,3,5.13,anti-hero;cyberpunk;dystopia;science fiction;scifi;thriller
7457,Terra Proxima: First Strike,Rommel,3,5,5.75,previously featured;scifi;serious;war
7794,Terra Proxima: The Lines are Drawn,Rommel,6,4,5.78,scifi;serious;war
50667,That One Dream Again,LeoCaesar,6,5,4.47,fantasy;historical;humor;romance;science fiction;scifi;superhero
53314,the Androidic Purge,AstralEmbers17,3,4,3.98,science fiction;scifi
15086,The Annihilation (part one),FroggieGirl1994,2,5,4.04,drama;science fiction;scifi;war
46533,The Devourer,StrykerL,5,6,5.08,contest entry;drama;science fiction;scifi;socially important
51959,The Ghost People,Fluxion,4,5,5.4,contest entry;historical;romance;science fiction;scifi
7001,The Last Man Standing,primates,2,7,3.86,humor;post-apocalyptic;scifi;serious
41210,The Multiverse Chalkboard,donteatpoop,5,6,5.36,contest entry;horror;post-apocalyptic;science fiction;scifi;zombie
61548,The Northern Settlement,DerPrussen,5,4,5.14,contest entry;scifi
21156,The Paper,Danielle958,2,2,3.39,science fiction;scifi
66709,The Razing of Nipthm,Nightwatch,4,4,5.04,contest entry;humor;science fiction;scifi
4166,The Robots United,GodsSlayer,2,4,3.34,fantasy;scifi;serious
4222,The Robots United : Part Two,GodsSlayer,3,4,3.45,fantasy;scifi;serious
8773,The Title Has Been Abducted by Aliens,Greencloud,2,4,3.69,humor;scifi
49772,The Veil,Battlemage,7,5,4.86,scifi
63592,The Warped Castle,poison_mara,6,4,4.73,contest entry;dystopia;female protagonist;lgbt;post-apocalyptic;scifi
45893,The Wasteland Chronicles: The Story of Aether Frost,Alexthethug,3,6,4.41,dystopia;post-apocalyptic;science fiction;scifi;war
43161,Through The Dragon Lair,haugelan,3,4,3.49,fantasy;scifi
6609,ULYSSES: The Pegasi Incident,tsmpaul,5,4,5.68,previously featured;scifi;serious
18988,Undead Persona,Tanstaafl,7,6,6.53,contest entry;post-apocalyptic;romance;science fiction;scifi;serious;war;zombie
32261,Unlikely Heroes,TheLoneCamper,4,5,3.44,dystopia;post-apocalyptic;science fiction;scifi
63059,Utopia Planitia,Bill_Ingersoll,4,5,5.21,dystopia;female protagonist;science fiction;scifi
66622,WARCHIMP,hetero_malk,2,5,6.39,action adventure;animal perspective;contest entry;post-apocalyptic;science fiction;scifi
7162,Who STILL wants to be a Supervillian?,Miccy2000,3,4,5.57,humor;scifi
5445,Who wants to be a Supervillain?,Miccy2000,2,4,5.48,humor;puzzle;scifi
17521,Would you survive an Alien Invasion?,themaybird,2,2,3.39,science fiction;scifi
30912,"""I'm going out.""",ScienceOfficerCat,2,2,3.21,modern;serious;socially important
10890,A Confused Criminal!,saradffy,2,3,3.52,modern
6272,A Crazy Dimension Called Life,Kazbar,3,6,4.09,humor;modern
26258,A game of life,StarsandSteel,5,3,3.78,action adventure;humor;modern;psychological;socially important
5280,A Man to the Slaughter,chris_zelda,2,6,3.14,humor;modern
22708,A Mutt's Purpose,Hgundy101,2,4,3.01,animal perspective;modern
18717,A Spy's Mission,Natalie,2,3,4.06,modern;serious
57312,"A Story of Love, Death, and Eggs",SiriusYoshi,2,2,3.38,humor;modern
17901,A Stroll in the Forest,Samanda,2,3,3.12,humor;modern
64437,A Super Tale,325boy,7,5,4.66,humor;modern;superhero
9170,A Yearly Exam of Seasonfield High University,xDante,6,8,4.19,humor;modern;war
53369,Adrift for SMS,MsKelsey,3,2,3.48,modern
53949,Adventures in Hollywood,TheWarriorBanana,2,3,3.15,female protagonist;modern
18723,African Safari,kay724,3,4,3.85,modern
44543,Airport Nightmare,MsGwinn,4,3,4.56,fantasy;modern;romance
11494,Answer The Call,magcos,4,3,5.75,modern;puzzle
40780,Avoiding Termination,skugga,6,2,4.77,contest entry;humor;modern
9392,Awesomeland - The Adventure Begins,Spacemandan01,2,3,3.49,humor;modern
15424,Back to the '90s,jogan,4,2,5.21,humor;modern;socially important
1332,Be a NASCAR Driver,RaceFan12,2,5,3.18,modern;serious
55043,Bestist Frend Jane,TheNewIAP,6,4,7.03,based off a true story;contest entry;drama;horror;modern;serious;western
28396,Betrayer,Jewlie,1,1,3.11,based off a true story;drama;modern
11906,[emailÂ protected]  Out,gragh46,6,5,4.54,modern
17917,Blackbirds Close In,Negative,1,1,3.18,horror;modern
63236,Blow Your House Down,Bill_Ingersoll,7,3,6.56,contest entry;modern;thriller
328,Blunder Brain Bob Baldwin of Baltimore In: No Escape,funkywizard,3,3,4.57,humor;modern
66594,Bomb Mission,325boy,3,4,4.45,action adventure;modern
44370,Bullet Train,alfiebart,2,3,3.67,modern;serious
25866,Candy Quest,cMitchell3,1,4,3.33,fantasy;humor;modern
5859,Choose Your Own Misadventure,Kieran_M,2,3,3.93,humor;modern
35291,Coffee Break,StillWatersRunDeep,2,4,3.38,humor;modern
6316,Cougar Crossing: Imminent Threat,primates,1,6,3.14,humor;modern
60264,Crazy Kidnapper,StupidManatee,2,4,3.09,modern
52575,Custody Case,StillWatersRunDeep,2,6,4.13,contest entry;drama;modern
18297,Cyrus the Great Beast Hunter,Xt1000305,3,1,3.35,based off a true story;humor;modern
11771,Dave: Big Dickin'it adventure!,kenamoto,2,3,3.21,humor;modern
64838,Degenerate,ninjapitka,5,5,6.21,anti-hero;edgelord;modern;psychological;thriller
14541,Dog Life,MegLuvMTrench,2,2,3.09,animal perspective;humor;modern
63566,Driftwood High Theater Club,jodithewitch,3,2,3.87,contest entry;modern
15173,Drive Fast!,TheAbbatelli,2,5,3.13,modern;serious
7352,Ducky Park,donteatpoop,5,4,5.41,humor;modern;previously featured
25211,Escaping Dystopia,jackels,2,1,3.58,modern;serious;socially important
10524,Everlasting Darkness,Jplague,4,5,4.71,modern
7879,Exploding Alarm Clock - Return that item!,BigFish,2,3,4.71,humor;modern
31014,Failing,FaithRomeyer,5,2,4.63,humor;modern;serious
22,Fairview Highschool Game,fairviewcult,5,6,5.92,humor;modern
208,Fairview HighSchool Game 2,fairviewcult,3,4,5.17,humor;modern
65064,Fall to Hopelessness,Mystic_Warrior,6,4,5.61,action adventure;anti-hero;contest entry;edgelord;fantasy;grimdark;modern;villain protagonist
10897,Fireteam,RyanGCIT,2,7,4.01,historical;modern;war
19452,Friday Night,dmjersak,2,5,3.35,modern
53837,Ghosts,Digit,6,6,5.51,contest entry;modern;psychological;romance;serious
27103,Go Get The Mail!,Ogre11,2,2,3.86,humor;modern
40873,Goldlust,ESparrorain97,3,5,3.69,modern;serious
50206,Grounded!,Sarah_huis,2,2,3.62,humor;modern
18704,Hungry,Razer105,2,2,3.85,humor;modern
26293,In School Suspension,redstrain,2,2,3.99,humor;modern
48283,In the Field,AgentX,2,7,3.12,contest entry;historical;modern;war
23691,Infinite Sadness,A_Plastic_Peanut,2,4,3.82,modern;serious
3017,Internets: The Dark Abyss,hardforhardpower,3,4,4.11,humor;modern
26383,Julia,BDPPWNAGE,3,5,3.41,humor;modern;romance
41,Jump For Joy,chocobot,2,1,3.22,humor;modern
29720,Lets go to the mall,WVictor97,3,4,3.25,humor;modern
19709,Life as a teenager,iamayeti,2,5,3.35,modern;socially important
38083,Life as a Time Traveler,WouldntItBeNice,5,5,4.0,humor;modern;romance;science fiction
31233,Live the Life of a Cat,kawaii_kitty,2,2,3.58,animal perspective;modern
1005,Lost Keys,Maze_Man,2,6,3.29,humor;modern
26563,Martha Answers The Phone,MrMarbles,2,2,3.41,modern
21568,McDonald's Adventure!,haleybughime,2,4,3.83,humor;modern
47268,Miracle and the Christmas Kitten,CastIron,3,2,4.47,animal perspective;modern
9361,Missing in Action,lisaves,3,3,4.06,based off a true story;modern;serious
6792,Mouldy Oldiez,Miccy2000,3,5,3.73,humor;modern;zombie
59776,"My Refuge, My Home",Nicolerhi,2,1,4.01,modern
27719,Nick the Computer Guy,mah3mah3mah3,2,3,3.39,modern;puzzle
15610,Personal Demons,RipElliott,6,5,5.43,humor;modern;serious
61623,Pitka's Fables,ninjapitka,3,3,5.04,contest entry;modern
14241,Positive or Negative?,Xt1000305,2,1,3.23,modern;socially important
26281,Quinn,ICaughtACat,2,2,3.59,modern
11028,Reckless Young Man,Loon,2,5,3.95,humor;modern
8035,Repression,EndMaster,4,7,5.81,horror;modern;serious
14171,Revenge for honor,RobustSporadic,3,2,3.51,modern;serious
60816,Sabbatical Report Presentation,Gower,6,1,6.74,modern
45674,Secret Santa Story,Crescentstar,2,3,4.8,contest entry;modern;serious
1728,September the 14th Part I,Deven711,3,7,3.13,humor;modern;previously featured
43910,Siblings,Agstand,6,4,5.29,drama;modern;serious
35934,Sleepless Passion,Future,5,5,4.48,drama;modern;romance;serious;socially important
28838,Spy Mission,Ogre11,6,2,5.89,contest entry;drama;modern
63226,Sterling City,ninjapitka,5,5,6.23,action adventure;anti-hero;contest entry;modern
64487,Sterling Suburbs,ninjapitka,3,5,4.99,anti-hero;modern;thriller
43744,Stockholm Syndrome,Agstand,4,4,3.47,drama;female protagonist;modern
31013,Suzy's Strange Saga,EndMaster,8,8,7.18,drama;female protagonist;horror;humor;modern;post-apocalyptic;romance;science fiction;serious
8040,Tales From The Basement,EndMaster,6,4,5.9,humor;modern;previously featured
21754,Terror on the 95th Floor,mrpastry909,3,6,3.79,modern;serious;war
38770,The Chinatown Murderer,RickBurker,2,2,3.32,modern;serious;socially important
6769,The Coast or the Chase,chris_zelda,3,5,3.55,based off a true story;humor;modern
12292,The Darkness,EricDrewCents,2,2,3.52,modern;serious
10894,The Epic Adventure of Epicness,Cumminma,2,8,3.13,humor;modern
49850,The Exploits of Fail-Man,RoyalGhost_007,6,4,4.66,contest entry;drama;humor;modern;serious;superhero
58354,The Foreigner,Unkindcrab,5,5,3.53,action adventure;fantasy;horror;modern;mystery;thriller
54329,The Greasy Smell of Gun Oil...,LuvLee,3,4,3.92,drama;horror;modern;serious;socially important
14899,The Insanity Complex,MannequinLandx,3,5,5.5,modern;socially important
6281,The Journey: A True Inspirational Australian Story,Miccy2000,2,4,3.68,humor;modern
14800,The Lemonade Business,MegLuvMTrench,2,3,4.31,humor;modern
22578,The Lemonade Business 2,MegLuvMTrench,1,3,3.2,humor;modern
27746,The Life Story #1: Preschool,Hgundy101,2,2,3.1,female protagonist;modern
15290,The Lost Island,cgiorgi,2,3,3.96,modern
1868,The Mall,Maze_Man,2,3,3.69,humor;modern
46127,The Mountain Pass,Ogre11,3,3,5.24,contest entry;drama;modern
59372,The Perfect Mother's Day,Bendy,2,6,3.49,female protagonist;humor;modern;puzzle
56753,The Pie,corgi213,4,3,4.42,based off a true story;biblical;contest entry;horror;modern;previously featured;socially important
63256,"The Unsightly Treatment of One, Benjamin Schatz.",TheChef,2,2,5.32,drama;dystopia;modern;mystery;psychological
46904,The Watch of Time,Sora20030c,2,5,3.7,fantasy;modern;science fiction
65282,Traitorous Ossetian,HispanicMemes,3,3,3.77,action adventure;historical;modern
7482,TRASH,EndMaster,6,2,5.83,humor;modern;previously featured
2276,Vengeance,Badger,3,6,5.64,modern;previously featured;serious
5463,Virtual Video Game,SilverMan,2,4,3.72,humor;modern
40697,Weird Outcome,Raven47,6,4,5.15,dystopia;humor;modern;war
12268,Welcome to Hollywood,AAWEproject,3,4,4.06,modern;socially important
2449,Welcome to Pablo's!,delebb,3,2,4.55,humor;modern;serious
51997,Wennipeg's list of regrets,ultraoverlord,3,3,4.11,fantasy;modern;serious
26983,What do you wish to remember?,storrny,4,3,3.03,based off a true story;humor;modern
15172,While My Guitar Violently Weeps,katyperryfan024,2,3,3.64,modern
63398,"who are you, really?",thespiritscalling,5,2,3.41,modern
25447,World Wars: Beach Landings,Boringfirelion,2,5,3.73,modern;serious;war
1016,WORST DAY OF YOUR LIFE!!!,Maze_Man,2,6,3.76,humor;modern
54632,You Are A Disc In My Dad's Spinal Cord. Can You Make His Back Stop Hurting In Time For Christmas?,tylerrusso,2,4,4.35,humor;modern
6258,You'd better hide...,primates,2,6,3.22,humor;modern;puzzle
10893,You're Fired!,scorsaro,2,2,4.0,humor;modern
1447,331 Oakmount Drive,Yunakitty,3,3,5.47,horror;previously featured;serious
26441,A Day in the Life (and death) of you.,AKathleen,2,6,3.27,horror;serious
38933,A Night in Heck,jakkisaurous,3,6,3.93,horror
60383,A Zombie Night,Kristen00,2,2,3.55,female protagonist;horror;zombie
13423,After the End,imoldbrook,2,3,4.05,horror;zombie
16263,Alone with a Presence,KarmicJustice,2,8,3.8,horror;serious
7480,Alpha Wolf,EndMaster,6,6,6.38,anti-hero;horror;humor
45314,America: Made Apocalyptic,joncray,2,4,3.76,based off a true story;dystopia;horror;humor;post-apocalyptic;socially important;war
8716,Apocalypse Then,Juranas,2,3,4.63,horror;humor;post-apocalyptic;zombie
28030,Apocalypse Yesterday,FeanorOnForge,7,7,6.26,contest entry;horror;post-apocalyptic
26146,Archangel,Archangel48,3,3,4.93,horror;serious;zombie
23864,Atramentous,insanebutvain,2,3,5.0,edgelord;horror;serious
30375,Backwoods,Hess,2,5,3.68,drama;fantasy;horror;serious
43573,Blooded,Steve24833,6,5,5.73,contest entry;edgelord;fantasy;grimdark;horror;previously featured
11968,Brains,Loon,4,4,4.65,horror;humor;post-apocalyptic;zombie
11730,Buried,greevesi,3,5,5.9,horror;previously featured
38975,Cannibals Roam,jb007,2,3,3.47,fantasy;horror;humor;post-apocalyptic;zombie
36396,Choose Your Own Madness,pinkbatgirl,6,5,5.12,horror
48337,Claire of Lune,WouldntItBeNice,3,3,4.6,contest entry;horror
16070,Curse of the De'meir (Part 1),KaedenWolfFurry,2,2,3.8,horror;serious;zombie
11797,Damn Zombies!,WhiteAxe,2,2,3.2,horror;humor;zombie
38025,Dawnwood,Steve24833,6,3,5.5,horror
6606,Dead End,DarthVader_13,3,4,5.04,horror;humor;zombie
11246,Dead Man Walking (Zombie Survival),BerkaZerka,8,6,7.27,horror;post-apocalyptic;serious;zombie
64885,Deep Inside the Forest,MrDaoYi,2,3,3.64,horror;supernatural;thriller;zombie
4072,Die Zombie! Die!,Miccy2000,2,6,4.6,horror;humor;previously featured;zombie
4139,Die Zombie! Die! Pt II,Miccy2000,2,3,4.98,horror;humor;previously featured;zombie
13659,Don't blink,Legendarny,2,4,3.82,horror;puzzle;serious
56507,Don't Hurt Me Again,WouldntItBeNice,3,2,5.2,contest entry;edgelord;female protagonist;horror;psychological;socially important
7817,Escape from the Dead,Raylathotep,3,2,4.99,horror;post-apocalyptic;serious;zombie
2320,Forest of Darkness,weedy,2,4,3.74,fantasy;horror;serious
54019,Friday the 13th,Unkindcrab,2,5,3.14,horror
7567,Geek,EndMaster,5,5,6.04,horror;humor;previously featured
7965,Ghost House,Jimson,2,6,3.34,horror;humor;puzzle;serious;zombie
62789,Graves,CarterBrazensky,3,7,4.64,drama;grimdark;horror;mystery
44170,Halloween Fright,benholman44,2,4,3.82,horror
60010,Hank's Journey,Ogre11,6,2,6.24,contest entry;drama;horror;psychological
29025,"Hey Look, It's a Zombie Apocalypse",TheLoneCamper,3,3,4.09,horror;post-apocalyptic;zombie
996,Holloween Adventure 2 : Return to the Halloween Dimension!,AKJ16,1,4,3.41,horror;puzzle
16215,Horror House,direTrex20,2,3,3.94,horror
31877,Host,DMnv12,3,3,4.7,horror;serious
61040,house among the thorns,sunnypony03,3,3,3.5,horror
27023,Hunted down,Shadowgirl21,2,4,3.44,horror;serious
56514,Hunters and the Hunted,ultraoverlord,5,4,5.5,contest entry;dystopia;fantasy;horror
61749,I Went to the Graveyard,bilbo,3,2,5.64,horror
62617,Imprint,juliemmarch,3,2,3.23,dystopia;horror;psychological
45304,In The Deep Of Night,TheWriterInTheDark,4,3,5.37,animal perspective;contest entry;horror;serious
56515,In the Pale Moonlight,Steve24833,6,5,6.7,contest entry;edgelord;fantasy;horror
57269,Inheritance House,Shadowdrake27,3,6,3.98,horror
11142,Insane Asylum,soccermoose123,2,6,3.25,horror
11147,Insane Asylum Part 2,soccermoose123,2,7,3.1,horror;serious;zombie
7560,It Was a Dark and Creepy Night,Pythzilla,2,5,3.13,horror;humor
34604,Kill that Spider!,AppDude27,2,6,5.23,horror;humor;puzzle
61316,Land of the Setting Sun,TheChef,5,6,5.63,action adventure;contest entry;horror;post-apocalyptic
61409,Landslide,poison_mara,5,4,4.18,contest entry;dystopia;horror;science fiction
8097,Love SICK,EndMaster,3,2,5.61,edgelord;horror;humor;romance;villain protagonist
10933,Moribund School Day,Twolittleorphans,2,8,3.57,horror;humor;zombie
13398,My Apocalypse: On The Road Again (First Entry),COFindus,2,2,4.64,based off a true story;horror;post-apocalyptic;war;zombie
54187,Night in the Woods,LuvLee,2,3,3.69,horror
51301,No Man`s Land (Zombie Survival),ultraoverlord,4,4,4.34,dystopia;horror;post-apocalyptic;zombie
45629,Now You Gotta Deal With This S***,mizal,2,5,5.58,contest entry;horror;humor
12030,Orion,pauldeg927,5,6,5.32,horror;humor;socially important;war;zombie
18729,Out Alive,thelegitGinger,2,6,3.99,horror
18800,Psychopathic Circus,liannalevi,2,4,3.27,horror
9902,Reanimation 2,SindriV,3,5,4.78,horror;zombie
9898,Reanimation.,SindriV,2,6,4.07,horror;zombie
41237,Samantha,Digit,2,6,4.01,drama;horror;serious
64216,Shelter for the Night,Bill_Ingersoll,6,3,6.12,horror
26469,Short-cut,snarkysorbet,2,6,3.43,horror;humor
38276,Site 59: No Escape,breezy134,5,5,5.42,horror
64451,Stanley and a Statue,AnthonyScoffler,5,5,4.77,action adventure;horror;supernatural
66888,Supernatural Horror,bjornling,3,3,3.72,horror;supernatural
9770,Survive The Apocalypse,Journeyman351,2,3,3.98,horror;post-apocalyptic;serious;zombie
10359,Survive the Zombies,Killa_Robot,5,6,6.22,horror;humor;zombie
51930,The Ballad of the Winter King,Romulus,2,4,5.45,contest entry;drama;fantasy;horror
10516,The Carivelli Carnival,jessicacane34,2,5,4.42,horror
29596,The Corn Maze,Sabrinaboyle,3,3,4.23,horror;humor
63471,The Cottage and the '73 Rallye,Unforgiven,5,5,5.47,contest entry;horror
62471,The Cursed Night,poison_mara,5,3,5.43,female protagonist;horror;western;zombie
8936,"The Drugs Wouldn't Stop The Nightmares, Chapter One.",Fniff,2,4,3.36,horror;serious
4477,The Free Hand,Ashen_Snake,2,4,6.16,horror;previously featured;puzzle;serious
21917,The Haunting,ken1053,2,5,3.59,horror
56622,The Horror Inside,Ogre11,4,1,5.76,contest entry;horror
44834,The House on Maple Hill,RandyButterNubs907,2,4,3.12,horror
30252,The Midnight Hours,Hess,2,6,3.86,drama;fantasy;horror;science fiction;serious
1046,The Murdering Midget!!,Smallfry,3,6,4.62,horror;humor;serious
49642,The Nightmare Realm,Steve24833,6,5,4.72,edgelord;horror
38891,The Only Lights in the Darkness are Flames,Steve24833,3,4,5.53,horror;serious
7565,The Road to Glasgow.,Snafuu,2,5,3.93,horror;humor
33092,The Sable Sea,PillbugAttack,2,2,3.68,horror
13454,The Secret of Daphne,simplesabley,6,7,6.93,horror;puzzle;serious
34193,The Shortcut Home,AppDude27,4,7,6.08,drama;horror;war
59531,The Surprise!,oraclemache,3,4,3.47,horror;psychological
7374,The time of Darkness,Ipod3000,3,4,3.69,horror;serious
13274,The White One,TheUnknown,2,4,5.16,horror
23012,The Will to Live,boeboe,2,3,3.78,horror;serious
34679,The Wolves II: The Great Death,RimC,2,3,3.18,horror;humor
23165,Tick Tock Goes the Clock,Meadow,1,4,3.0,horror;serious
32087,Uprise,Hanna_The_Panda,2,3,3.75,horror;humor;post-apocalyptic;zombie
56522,Vapula,LuvLee,4,4,4.89,contest entry;horror
45288,Vermin,Digit,2,1,3.89,contest entry;horror;serious
60933,Vicious Moles of Nature,Bill_Ingersoll,4,5,5.48,action adventure;horror;romance
63463,When Johnny Comes Marching Home,Deer89,5,5,5.26,contest entry;historical;horror;war
34885,When Lights Go Out,tjwilliams555,5,5,4.06,based off a true story;horror;humor
23324,Where the HELL am I???? : Chapter One,MultipleMinds,2,6,3.91,horror
23381,Where the HELL am I???? : Chapter Three,MultipleMinds,2,6,4.48,horror
23343,Where the HELL am I???? : Chapter Two,MultipleMinds,2,7,3.9,horror
23419,Where the HELL am I???? : Chatper Four,MultipleMinds,3,2,4.27,horror
53243,Wild Billy,Bucky,3,1,5.22,contest entry;horror;humor;romance
21343,Years Gone By,Nicolerhi,2,1,3.37,drama;horror
54001,Z is for Zombies,grace98,5,4,5.35,horror;post-apocalyptic;zombie
46643,Zeta 311,jackp32,2,5,3.2,horror;science fiction;serious
226,Zombie Flesh Riot,Fishpaste,4,7,3.16,horror;serious;zombie
17721,Zombie Kill Squad,Castaway24,2,3,4.22,horror;zombie
17736,Zombie Kill Squad 2,Castaway24,2,3,4.45,horror;zombie
10160,Zombie Mayhem,irondale75,2,3,4.8,horror;war;zombie
33006,Zombie Survival Guide Game Part 1: Weapons,Imrah,3,7,3.37,horror;post-apocalyptic;quiz;zombie
5296,Zombieland,Twiggy,2,7,4.57,horror;humor;post-apocalyptic;zombie
53953,Zombies Ate My Face!,TheWarriorBanana,3,6,3.47,horror;zombie
12165,...In Love And War,Crissie24,2,2,5.64,dating;drama;female protagonist;romance;serious
43568,A Handsome Man,AliceCarroll33,2,2,3.43,dating;historical;humor;romance
27507,A tale of love and hate..,Indigirl,3,2,4.55,dating;drama;romance;serious
61570,A Treatise on Heartly Manners,enterpride,6,3,5.85,contest entry;dating
45225,Among the Trees,Steve24833,4,3,5.55,biblical;dating;horror;romance;serious
43577,An Honourable Gentleman?,amyrose2016,2,4,3.4,dating;historical;romance
34214,Before Midnight,AppDude27,4,7,6.23,dating;drama;humor;romance
1757,College Romance,Amaliel,2,2,3.47,dating;romance;serious
8055,Desperate Heart,Corinthian,2,1,5.13,dating;previously featured;romance;serious
51067,Duo,Digit,3,6,4.42,contest entry;dating;dystopia;post-apocalyptic
66088,Family Impact on Relationship Conflict,fmst314group17,3,3,3.05,dating
11144,"Farewell, My Childhood Self",applegirl,5,3,6.95,dating;drama;romance;serious
8079,Find a Date Before it's too Late,realprety,2,2,3.22,dating;romance
62157,Finding A Suitor,historicfictionlover,3,2,3.61,dating;historical;romance
14004,First Dates Can Be Tricky,CowBelle,2,3,3.77,dating;romance
9420,Forgotten Rose,Katya,1,2,3.39,dating;romance;serious
24696,Friend Zone,daydreams,2,3,3.07,dating;romance
29085,Goodbye.,luna1o1,2,2,3.55,dating;drama
15254,Grief,Connection_ICA,1,1,3.38,dating;serious
23895,Halfway Decent,HolyFrax,2,3,4.33,dating;romance
15967,Hey Mom,oliviasanabria8,2,4,3.77,based off a true story;dating;socially important
10479,Highschool,Cwinsy88,2,5,3.62,dating;romance
49261,His Smile,AdrianneDeforest,2,3,3.12,dating;female protagonist;romance
31643,"I Love You, My Sweet Kate",feathersoul,2,1,3.18,dating;romance
49200,Inseparable,mizal,2,1,5.93,contest entry;dating;lgbt;romance;serious;socially important
47639,It's Raining Again,Bucky,2,1,3.98,dating;drama;dystopia
51954,Just A Doll,CrashAndDive,3,2,4.65,contest entry;dating;fantasy;horror;lgbt
18355,Late night visit,silverfern500,2,2,3.94,dating;drama;romance
61407,Leroy and Mika's Organic Poetry,Shadowdrake27,1,1,4.39,contest entry;dating;romance
30612,Lonely boy,Digit,5,3,4.38,dating;romance
12689,Losing and Gaining Love,SwazzleJuj,2,1,4.06,dating;serious
52600,Love is for the Birds,mizal,3,2,5.36,animal perspective;contest entry;dating;family-friendly;humor;romance;socially important
21847,Love Triangle,Coolguy507,2,3,3.9,dating;romance
13208,My Sweet Anna,ZombieAuthor,2,3,3.66,dating;drama;romance
10103,Orpheus,dracortez,2,2,5.58,dating;previously featured;serious
24672,Petra's Choices,MaryShelley,2,6,3.3,dating;drama;romance;serious
22734,Popping My Cherry,Wheatbix,2,3,3.61,dating;humor;romance;socially important
60657,Private Game for Natalie,Gower,6,2,6.42,dating;romance
28354,Rainy mood,Jewlie,1,1,3.21,based off a true story;dating;drama
21570,Seasons Change,haleybughime,2,5,5.13,dating;drama;romance;serious;socially important
16905,Seraph Serenade,Vics321,2,2,5.28,dating;drama;romance;serious
17210,Snow Love,NecroKnight,2,2,4.16,dating;romance
62099,Soul Thief,MadHattersDaughter,5,1,6.76,contest entry;dating;fantasy;humor;mystery;romance
45290,The Ballad of the Orchard,Orange,2,2,5.4,contest entry;dating;drama
37901,"The Carnival, Ginny, and I",WouldntItBeNice,3,3,3.7,dating;humor;romance
54757,The Cliff,Orange,4,2,4.18,contest entry;dating
59980,The Daemonologists,pugpup1,6,6,6.24,contest entry;dating;fantasy;historical;romance
40113,The Journey of Caroline Winters,MFloria,4,1,3.54,based off a true story;dating;drama;romance
17148,The Make-Believe Sandbox,HaruhiSuzumiya,2,2,5.71,dating;drama;serious
53431,The Mortician,Orange,2,2,4.94,contest entry;dating;horror;romance
11413,The Ocean's Daughter,fergie14233,3,4,5.98,dating;romance;serious
4720,The Proposal,alexp,3,3,6.35,based off a true story;dating;female protagonist
34028,The Quick Dating Game,Ogre11,2,2,4.97,contest entry;dating;humor
11545,Through Time,Killa_Robot,6,6,7.26,dating;drama;humor;romance;serious
62228,Venetian's tears,poison_mara,2,4,4.26,dating;romance;science fiction
40512,What Do You Want To Do Tonight?,mandieekarl,2,1,3.35,dating;romance
53089,Wheeler & Brandt LLP,Fluxion,5,3,4.43,contest entry;dating;romance
39350,Why I left you,Jimg,2,1,3.0,based off a true story;dating;drama;lgbt;romance;serious
13747,Without You (1),ZombieAuthor,2,2,4.07,dating;romance;serious;socially important
14678,Your Birthday,Djrella659,2,1,4.14,dating;romance
64208,A Hunted and Haunted Halloween,Mystic_Warrior,7,6,6.02,action adventure;contest entry;fantasy;grimdark;mystery;psychological;puzzle;thriller
38542,Alien Abduction,Ogre11,3,2,4.7,contest entry;mystery;science fiction;thriller
63577,Biscuits and Ghosts,MadHattersDaughter,5,2,7.04,fantasy;female protagonist;historical;horror;humor;lgbt;mystery;supernatural;thriller
5510,Casemaster #1,GodsSlayer,2,6,3.94,mystery;puzzle;serious;thriller
14568,Complete Catastrophe - A Game of Clue,MegLuvMTrench,1,5,3.63,mystery;puzzle;thriller
6382,Dangerous Memories,tsmpaul,4,5,5.67,mystery;serious;thriller
57182,Dark Deception,lkfriebe,2,3,3.16,mystery;thriller
61111,Day of the Dead--One Soul's All Souls Procession,Shadowdrake27,2,4,5.58,action adventure;contest entry;fantasy;horror;mystery;thriller
63997,"Death, and what lies beyond...",fluttershypegasus,3,1,4.08,mystery;spiritual;thriller
60002,Edithe Zilonis,MadHattersDaughter,4,1,6.32,fantasy;humor;mystery;romance;thriller
66370,Encaged,TrueParanormal,5,6,5.51,edgelord;female protagonist;horror;mystery;psychological;serious;thriller
20106,Falling Asleep,Heyohsnowww,2,1,4.2,mystery;thriller
60431,Father Leofwine is Dead,pugpup1,6,7,6.65,contest entry;historical;mystery;thriller
353,Ghostly Mystery,slawek,2,3,3.82,mystery;serious;thriller
64248,Hunting the Alphabet Killer,Will11,5,4,6.46,based off a true story;mystery;socially important;thriller
31353,Hunting the Ripper,Will11,6,6,7.04,based off a true story;mystery;serious;thriller
27387,Immsmore Gallery,Immsmore,2,1,3.75,mystery;thriller
22745,Music Murder,rose_the_writer14,1,4,3.45,mystery;puzzle;thriller
7974,Priesthood,Jimson,3,5,3.53,mystery;serious;thriller
31649,Revenge of the Sphinx,viking8779,2,3,3.46,humor;mystery;thriller
334,Riddle of the Sasquatch,chocobot,2,3,4.3,mystery;serious;thriller
29131,Seven Days,Penworth,4,4,4.44,mystery;post-apocalyptic;serious;thriller
26603,Silence,Ray_831,2,5,3.88,mystery;thriller
21287,Studio 5,AppDude27,3,6,5.32,mystery;puzzle;quiz;serious;thriller
31573,Survive the Sphinx,viking8779,1,3,3.45,humor;mystery;thriller
52998,The Cries of Caracas,desaitu,2,3,3.25,mystery;puzzle;thriller
37603,The death of Michael Walker,chalomo,2,2,3.0,mystery;serious;thriller
5466,The Devil's Fire,Ashen_Snake,5,4,6.55,mystery;previously featured;serious;thriller
10428,The Elle Files: Peril at Dandelion Hills,Pixiebaby321,3,4,5.64,humor;mystery;puzzle;thriller
10449,The Elle Files: Sabotage at Suicidal Skies,Pixiebaby321,2,6,5.37,humor;mystery;puzzle;thriller
58763,The Hanging of Jordan Nickler,Jacoder23,3,6,4.18,contest entry;mystery;thriller;western
17779,The Murder at the Museum,WASP,2,3,4.12,humor;mystery;puzzle;thriller
8300,The Murder Mystery,mr.xcentrix,4,3,4.21,mystery;puzzle;serious;thriller
48381,The Murderous Masseur,whatamigoodatlol,4,5,4.58,drama;horror;mystery;romance;serious;thriller
6376,The Object,tsmpaul,3,2,5.97,mystery;previously featured;serious;thriller
46341,The Panic Room,tjwilliams555,3,5,5.0,mystery;puzzle;thriller
65351,The Phone Call,TrueParanormal,2,1,3.84,drama;mystery;psychological;serious;thriller
60880,The Quiet Mountain,SicklyJaguar,2,3,3.76,mystery;thriller
63701,The Screaming Skull,Will11,4,4,5.95,mystery;thriller
4681,The Tapestry,Equilibrium,2,5,3.78,mystery;serious;thriller
887,The Wormtongue Journals: Book One,Advcom,2,3,3.17,mystery;serious;thriller
45501,Woolf stone,Lovelywoods,2,3,3.27,historical;mystery;puzzle;thriller
7460,You!,Zero,2,4,3.58,humor;mystery;thriller
34386,4 Little Mice,AppDude27,4,4,6.31,animal perspective;drama;family-friendly
29850,A Day In The Life of A Slice of Bread,sleepy,2,3,3.71,family-friendly;humor
60877,A Fowl Problem,Ourobolus,3,3,4.09,family-friendly;humor
21464,A Pug's Purpose,Hgundy101,2,6,3.54,animal perspective;family-friendly
38481,Adventures of a Cute Cat: A Poem,Negative,2,2,3.77,animal perspective;family-friendly
29316,Alone in the Forest,pinkalily21,2,2,3.61,animal perspective;family-friendly
47234,Appearance vs. Reality,PlaguedAnarchy,3,1,4.14,drama;family-friendly;humor
2306,Big Time,Mina,3,6,4.81,family-friendly;serious
63717,Breaker,Mystic_Warrior,7,4,6.1,action adventure;contest entry;family-friendly;fantasy;female protagonist;science fiction
11525,Broken Wings,HowOriginal,2,2,3.55,animal perspective;drama;family-friendly;serious
65964,Capture the Flag,Gryphon,6,2,4.65,contest entry;family-friendly
11421,Cat's Day,NinaB.R.,1,1,3.36,animal perspective;based off a true story;family-friendly
61775,Creatures of the Snow,Bill_Ingersoll,6,3,6.03,action adventure;family-friendly;female protagonist;post-apocalyptic;science fiction
10478,Day of the Dog,Secretstarz7,2,2,4.27,animal perspective;based off a true story;family-friendly
62755,Elvis At The Beauty Contest,poison_mara,3,1,5.38,animal perspective;family-friendly;fantasy
38667,Empathy,GenericUsername,2,2,3.6,family-friendly
14553,Find Coco the Elephant!,MegLuvMTrench,1,3,3.48,family-friendly
18019,Horsing Around,Sloe,2,3,3.23,animal perspective;family-friendly
8038,Imagination,EndMaster,5,3,6.04,family-friendly;fantasy;serious
19346,Kingdom Conquest,Wf2dom,2,3,4.36,family-friendly;war
36329,Master Of Strings,Hanna_The_Panda,5,1,5.11,drama;family-friendly
48788,Surviving Pre-School,Ogre11,3,2,5.2,family-friendly;humor
34162,The Adventures of Rory Thorn in Math Class,Ogre11,4,1,4.82,drama;family-friendly
28210,The Boy Who Died From Eating All His Vegetables,WhatTheFabala,2,2,4.21,family-friendly;humor
61708,The Brave Polar Bears,lopz66,5,5,4.81,animal perspective;contest entry;family-friendly
51231,The Butter Bear,pugpup1,3,1,4.7,family-friendly;fantasy
56644,The Cat and the Crow,Crescentstar,4,4,5.35,animal perspective;anti-hero;contest entry;family-friendly;grimdark;villain protagonist
24586,The Dreamcage,TheSophia,3,3,3.85,family-friendly;humor
65637,The Happiness Game,TheONeLol265,3,3,4.81,family-friendly
63542,The Jungle Book,ApprenticePortentous,5,5,4.96,contest entry;family-friendly;historical
46728,The Last At-Bat,herbwagner,2,3,4.04,family-friendly
21621,The Life Of A Bull Terrier,fantaspray1,2,2,3.2,animal perspective;based off a true story;family-friendly;humor
33375,The Mayoral Campaign,Ogre11,2,6,5.12,drama;family-friendly
6309,The Virtual Reality Game,Conneth,2,5,3.36,family-friendly;humor
7619,To Make a Sandwich,ohnoesitstori,2,3,4.52,family-friendly;humor
7680,TV Show: Madness of Seal,royshen34,2,1,4.13,family-friendly;humor
63126,Uneasy Lies the Head,Camelon,3,2,5.53,contest entry;dystopia;family-friendly;science fiction
16754,Welcome to Camp,jtanopo,3,4,4.3,family-friendly;serious
3736,Wolves,Equilibrium,1,6,4.31,animal perspective;family-friendly;serious
14312,You are a Fish,NinjaTetra,1,3,3.15,animal perspective;family-friendly
50379,4-Simplex,WouldntItBeNice,5,4,4.34,contest entry;fantasy;historical;horror;science fiction;western
22687,Can Anybody Escape?,TheHiddenSmile,2,3,3.61,historical
60324,Clearstone,Shadowdrake27,5,3,4.66,female protagonist;historical;western
45375,"Hastings, 1066: Aftermath",TheWriterInTheDark,7,3,7.24,based off a true story;historical;war
51934,Magno,EbonVasilis,5,6,6.01,based off a true story;contest entry;historical
2569,Not so Quiet on the Western Front,zdagen,2,2,3.7,historical;war
66624,Shostakovich,betaband,2,3,4.56,drama;historical
26929,The Lost Expedition (1),Will11,3,3,5.63,historical
46111,The Lost Expedition (2),Will11,3,4,5.14,historical
57736,The Price of Freedom: Innocence Lost,Avery_Moore,7,6,7.4,historical;serious
60747,The Sanguine and Blackbeard's Cutlass,ninjapitka,5,5,6.65,action adventure;anti-hero;contest entry;fantasy;historical
60137,Twin Arrows,ninjapitka,5,6,6.2,contest entry;historical;western
53868,Vindicta,ericyopy,4,2,4.9,contest entry;historical
8356,Warlords: Strategic Conquest,urnam0,6,4,5.74,historical;previously featured;serious;war
41064,What Triumph Looks Like,Bismarck33,2,3,3.64,dystopia;historical;serious;socially important;war
46088,1984: Cog In The Machine,Hector971,3,1,3.23,dystopia
14710,A Dog's Life,CapturedNecko22,2,2,5.52,animal perspective
52977,About Darius and the Desert God,WouldntItBeNice,5,4,4.9,biblical;contest entry;romance
58317,Actual Cannibal The Beouf,Deejster,2,3,4.01,horror;humor
43905,Afraid of Monsters: The Loose End,LeBlorqo,3,4,4.03,horror;serious
7315,Albus Potter:The next Generation Year 1,Ipod3000,3,3,3.59,humor;serious
12278,AQW: Prologue,Xt1000305,5,5,4.6,
7558,Attack of the Grue,Snafuu,1,4,3.08,humor;puzzle
52887,Azula and Zuko,WouldntItBeNice,5,3,5.64,contest entry;fantasy;female protagonist;grimdark;previously featured;villain protagonist
18655,Blood and Time,esmeefallen,2,3,3.06,fantasy;humor;serious
5937,Cantina Band: Dusty Death in D-Minor,jorose,2,4,3.73,serious
6408,Cantina Band: The Assassins' New Tune,jorose,2,5,4.31,previously featured;serious
32705,Choose Your Own Agar.io,GMB13carat,2,3,3.85,humor
57114,Ciara's Game,simplesabley,5,4,6.06,contest entry;edgelord;horror;psychological
7711,Clover Seven: Ace Attorney - Episode 1: Turnabout Museum!,SilverMan,2,6,5.37,humor;puzzle
7786,Clover Seven: Ace Attorney - Episode 2: The Party Killer Turnabout,SilverMan,4,7,5.3,humor;puzzle
5259,Danny Phantom's Adventure,draconic_phantom,2,4,4.25,previously featured;serious
53186,Dark Nights,Chris113022,4,3,5.7,contest entry;drama;humor;previously featured;romance;superhero
17229,Daydream Syndrome,Sean,3,6,5.53,fantasy
61571,Disney+ and Thrust,TheChef,3,7,4.53,contest entry;horror;romance
10939,Doctor Who Fanfiction,bakerskater03,2,3,3.59,science fiction
16229,Dr. Horrible's CYA,MMA2013,3,1,3.8,humor
25637,Epoch Coda,CobaltBlaze,3,3,5.15,serious
34849,Escape From Saigon,mattisatschool,3,2,3.75,based off a true story;drama;historical;serious;socially important
57618,Escape The Torture Mansion,LordExplosionMurder,4,7,3.16,horror;humor
65611,Fallout : Seattle under Siege,fluttershypegasus,4,6,4.66,action adventure;dystopia;horror;post-apocalyptic;science fiction;war
42204,Fear the Psyker,Steve24833,7,3,6.75,grimdark;science fiction
6434,Final Destination: Cheating Death,DarthVader_13,2,2,4.09,serious
15547,"Get To Work, Squarepants!",raychallx,2,5,3.3,humor
66093,Gig: Blast Damage Days,Zardoz,2,3,3.48,action adventure;anti-hero;contest entry;cyberpunk;dystopia;edgelord;grimdark;science fiction;thriller;villain protagonist
32744,Hansel and Gretel's Great Escape,graetvikin,2,3,3.32,fantasy
42208,Hard Night,Chris113022,2,3,4.75,action adventure;drama;humor;superhero
34134,Harry Potter and the Philosopher's Drone,jbranch1998,2,5,3.72,contest entry;fantasy;romance;socially important
65841,Harry Potter: The Last Riddle,fluttershypegasus,5,2,5.45,fantasy;mystery
8129,Hell Girl: The Shattered Mirror,Corinthian,2,1,5.58,previously featured;serious
1153,HIGHWAYS to HELL,Smallfry,5,5,5.14,previously featured;serious
3514,Is Dave Chappelle crazy?,redstorm,2,4,3.76,humor;previously featured
18493,Is it Shameful?,Netan,2,2,3.38,romance
39636,Isabel's Next Adventure,shazwott,2,4,3.15,drama;historical
1495,Kaiju Domination: Episode 1- Godzilla,Godzilla,2,3,3.88,humor
2672,Kick Dora's Butt!,Max_&_Maya,1,3,3.66,humor
65168,Life is Strange: Blood Oath,TomCom69,6,5,3.24,action adventure;biblical;drama;edgelord;fantasy;mystery;psychological;puzzle;supernatural;thriller
38419,Lizzie and the Horrors of Hate,Cking,5,2,4.29,fantasy
54833,Lone Star,SpartacustheGreat,2,3,3.36,post-apocalyptic;serious
63751,"LOTR:The Shire, an Exploration Game",fluttershypegasus,2,1,3.67,family-friendly;fantasy
1526,Marios Adventure Island 3: Sports Extravaganza!,SuperMarioJon,2,3,3.31,humor;previously featured
23173,Marvel Adventure,Briar_Rose,2,3,3.65,
39017,Marvel Universe: Fallen,Xanaktor,2,6,3.21,
63916,Middle Earth: Morgoth's Tyranny,fluttershypegasus,5,4,5.92,fantasy
19036,Murder!,KaliZeena,2,1,3.53,animal perspective;drama;fantasy
47286,Nen Personality Test,puddlebunni,2,2,4.34,humor;quiz
53928,Neon Genesis Evangelion,WouldntItBeNice,6,6,4.06,drama;fantasy;science fiction;serious;war
12879,Neon Genesis Evangelion: You Can (Not) Wait,Trish,4,3,4.84,humor
46214,No Quarter,WouldntItBeNice,3,3,4.92,contest entry;fantasy
13014,Project Origin: Atrophy,simplesabley,5,3,6.6,serious
12973,Project Origin: The Unraveling (part 1),simplesabley,3,2,5.74,serious
14013,Quest for the Holy Grail,Briar_Rose,2,4,6.01,humor
16315,"Randomly Walk II, The epic sequel.",ISentinelPenguinI,2,2,4.47,based off a true story;humor
5719,Rebel Jedi 2:  The Rebel Base,Rodney,2,6,3.56,serious
7398,Reunion,donteatpoop,4,2,4.92,humor
57090,Silent Night,Chris113022,2,3,4.88,contest entry;superhero
63829,Star Wars:Secrets Of the Empire,fluttershypegasus,5,2,5.86,fantasy;science fiction
11953,The Black Butler,nluongo93,2,2,3.7,historical
15040,The Delaying Action,Xt1000305,2,3,3.75,historical;war
66059,The Elder Scrolls : Shadows of The Princes,fluttershypegasus,4,3,4.73,action adventure;fantasy;horror;supernatural
27469,The Fairly OddParents: Crocker's Playhouse,CheckABookout,3,3,3.49,serious
64506,The Lottery,gtan4,2,2,3.23,
54559,The Maize Runner,jodithewitch,2,2,3.8,contest entry;humor
20580,The Matching CHAPTER 0NE,esmeefallen,2,3,3.1,fantasy
22537,The Maze Runner,jkid14,2,3,3.0,humor;serious
24743,The Miracle of Jess,DoctorWhoGal,5,2,4.92,
22936,The Promise,clauraseekingzer0,3,2,3.61,serious
16489,The Raven,Romulus,4,4,5.7,based off a true story;drama;historical;horror;previously featured;serious
26752,The Road: Carrying the Fire,MorganSakana,3,8,4.83,post-apocalyptic;serious
25454,The Spartan Life,citizen9100,2,2,3.5,science fiction;war
11322,The Story of the Bible,rframpton,2,6,3.94,biblical
64804,The Swan Lake,fluttershypegasus,3,3,4.05,fantasy;grimdark;romance;serious
8557,The Unwritten Jedi,NealShustermanFan,2,2,3.01,science fiction;serious
21916,The Very Best,ohaiitsrachel,2,2,3.34,humor
66131,The Witcher: The First Wish,fluttershypegasus,5,5,4.27,action adventure;fantasy;supernatural
15123,TWD: Zombie Apocalypse,xmancxd,2,3,3.4,post-apocalyptic;zombie
14136,Vault Life,GodSlayingMachine,2,2,4.24,post-apocalyptic;science fiction;war
43993,Warped,Steve24833,7,3,6.13,dystopia;grimdark;science fiction
8591,Where in the World Is Carmen Sandiego?,urnam0,4,5,5.99,humor;puzzle;quiz
5526,Will the Real J. Jonah Jameson Please Step Forward?,somerandomperson,1,2,3.98,humor;previously featured;puzzle
15702,Would You Survive Daniel Wilson's Robopocalypse?,insomniax808,3,3,3.63,dystopia;science fiction;serious
413,You're the Bachelor,janemcg,2,2,4.61,previously featured;puzzle
12665,Your Adventure in Wonderland,DawnFire101,5,3,4.08,fantasy
27848,#AroundTheWorldIn80DaysChallenge,kawaiiprincess,2,4,3.11,edutainment;quiz;serious;socially important
26606,1912,kawaiiprincess,1,3,3.44,based off a true story;edutainment;historical;quiz
28629,A British Shipwright Immigrant's Life in Canada (1830),doneamo,2,2,4.46,edutainment;historical
10885,A Hero's Odyssey,Romulus,6,3,5.83,edutainment;historical;previously featured;serious
161,A Jung Hero's Adventure,chocobot,4,4,5.0,dystopia;edutainment;previously featured;science fiction;serious;socially important
29625,A Titanic Experience,Will11,5,4,5.26,based off a true story;edutainment;historical;serious
8098,A Very Special Choose Your Story,EndMaster,5,8,5.26,edgelord;edutainment;humor;serious;socially important
23658,Action Research,nenbeely,2,5,3.57,edutainment
346,Adventures With Raven,webadept,2,3,5.12,edutainment;serious;socially important
23014,Algebra Game,skillfulljack,1,2,3.11,edutainment;puzzle;quiz
41698,American Outlaws: The James Gang,Will11,6,5,6.82,based off a true story;edutainment;historical;western
42380,American Outlaws: The Wild Bunch,Will11,6,4,6.64,edutainment;historical;western
27405,Amish Adventure,amishamishamish,2,1,4.11,edutainment;socially important
22791,Ap Art,Alana0827,2,6,3.15,edutainment;historical;quiz
60018,Apostle,Zealot,2,2,3.39,contest entry;edutainment;historical;serious
22711,are you happy with your choices?,hanaemi,2,2,4.24,drama;edutainment;serious;socially important
66895,Arizona Desert,RonnieRibcake,2,6,3.53,edutainment
30703,Basic History/Geography Quiz,DFHTHK,2,5,3.26,edutainment;historical;humor;quiz
28365,Battlefield Commander: The Trojan War,Will11,5,5,5.57,edutainment;historical;war
58692,Boobs!!!,Ogre11,1,1,4.64,animal perspective;based off a true story;edutainment;romance
46270,Break and Enter,rjvictoria,2,3,3.55,edutainment;socially important
419,Budget Boom,Philosophie,2,4,3.54,edutainment;humor
54354,Captain Kidd's Fate,CapKidd,2,7,3.75,edutainment
11959,Career Story: IVEY Edition,nsatish,2,1,3.11,edutainment;serious
50088,Choose Your Disease,dallashollis,3,2,3.34,based off a true story;drama;edutainment;fantasy;humor;post-apocalyptic;science fiction
6613,Christmas.,Sir_Lancegalawain,2,1,3.86,edutainment;quiz;serious
9002,Chuck Norris Chasedown,lizlopez27,2,1,3.88,edutainment;historical;humor;quiz
30590,Climate Change Adaptation,ccadaptation,2,1,3.49,edutainment;socially important
30267,Climbing Beyond The Clouds,Will11,3,5,5.09,based off a true story;drama;edutainment;serious
31975,Court Case,emgi,2,1,3.7,drama;edutainment;serious
16814,Cuban Missile Crisis,Gumpert,2,3,4.59,edutainment;historical;war
17839,Culloden Moor,AdamMacKay,2,1,3.89,edutainment;historical;humor;serious;war
16922,CYOA Final History Project,IsabellaMarini,2,1,3.14,edutainment;historical
40055,Date Rape Laws and Prevention,irene_cho_,2,2,3.31,based off a true story;edutainment;female protagonist;socially important
41775,Dr. Figar's Lessons on Job Employment,IronPanther,6,1,5.18,edutainment;humor;socially important
31473,Eating Disorders Midterm,Vnakaganeku,3,1,4.08,edutainment;serious;socially important
5861,ESL Billy's Adventure,Hellom,2,4,3.47,edutainment
38417,Extinction of the Neanderthals,LaFerassie1,2,1,3.2,edutainment;historical
47242,Facts About the Planet and the Solar System,mizal,3,1,5.28,based off a true story;contest entry;edutainment;socially important
19867,First Aid Adventure,blegl67,2,3,4.0,edutainment;quiz
34973,Flight of the boobook owl,hegs012030,2,1,3.09,animal perspective;edutainment
52734,Forensic Toxicology,leilataibi,3,2,3.58,edutainment
14976,Fruits of Survival (Home Economics Game),MsAMH,2,1,3.79,edutainment;historical;quiz;war
18004,Haggis Dinner,AdamMacKay,2,2,3.48,based off a true story;edutainment;historical;serious;war
41018,"Historical Misadventures, Served Two Ways",mmcmillan,3,3,3.55,edutainment;historical;socially important
5953,Horus,Anubis,2,3,3.57,edutainment;serious
36617,HOW NOT TO WRITE- A Pokemon Adventure - Part 1 - Chapter I - Section A: The Beginning of the Start,Will11,2,8,6.21,cyoa movie;edutainment;post-apocalyptic;previously featured;socially important
140,How To Play A Game,cysid,1,2,5.5,edutainment;humor
49542,How well do you know your British-English?,UnStriped_Tiger,1,4,3.33,edutainment;quiz;serious
31716,IB English Project,englishprojectten,3,3,3.68,edutainment
23988,Indivisible,HolyFrax,2,5,4.53,edutainment;historical;serious;war
43683,Interactive Women's March to Versailles: Bread or Vengeance?,isabelsamarias20,2,2,3.34,edutainment;historical
5562,Julius Caesar: Stayin' Alive!,vickie_m,2,2,4.76,edutainment;historical;previously featured;serious
13907,Little Red Riding Hood,kallykat,2,3,4.09,edutainment;fantasy;humor
44894,Maintenance Systems,ExtraCredit,2,2,3.47,edutainment;humor;quiz
7923,Mutiny On Board the Bounty,Wonko_the_Sane,3,4,5.05,based off a true story;edutainment;historical;serious
53356,Mutiny on the Bounty,Will11,5,5,6.59,edutainment;historical
15606,Paul's Health Project...,Kuhluhruhee,4,3,3.6,edutainment;serious;socially important
27392,Phoenician Trade Game,ssk5117,2,3,4.13,edutainment;historical
14310,Purchase or Pirate?,invisiblePirates,2,1,3.13,edutainment;humor;socially important
51926,Saoirse,Steve24833,7,3,6.71,contest entry;drama;edutainment;historical
18519,Surviving Research Proposal,pusteblume,2,2,3.22,based off a true story;edutainment;humor
21274,Surviving the EBD Classroom,Killian,2,1,4.14,edutainment;humor;socially important
10441,TBLHQ: Round 2,Romulus,2,2,4.29,edutainment;historical;quiz
27688,The Apology,reconditechief,2,1,3.29,edutainment;historical;socially important
61139,The Chronomantic Adventures of Professor Gower: Office Hours,Shadowdrake27,5,4,5.61,action adventure;based off a true story;edutainment;historical;science fiction
56451,The Climate Lobby,Enviromentum,3,4,3.24,edutainment
63243,The Covid Assignment,Northwind,5,3,4.61,edutainment
27234,The Donner Party,Will11,5,6,5.23,based off a true story;edutainment;historical;serious;western
17384,The Flame,urnam0,2,3,4.88,edutainment;serious
14126,The Forest Manager,GrahamSakaki,2,3,3.27,edutainment;socially important
15818,The Forest Manager II,GrahamSakaki,2,4,3.52,edutainment;socially important
14260,The Grinch Who Stole Christmas,marcalmichael,1,2,3.79,edutainment
6033,The Javan Rhinoceros,primates,1,4,3.67,edutainment;humor
27879,The Land of Bad Writing,Will11,2,1,5.16,edutainment;humor;socially important
392,The Left-Handed Man,Xargon,2,4,4.51,edutainment;serious;socially important
51949,The Lost Emperor,Crescentstar,6,7,5.9,based off a true story;contest entry;edutainment;historical
360,The Palio,juggler,2,3,4.66,edutainment;historical;serious
393,The Quest for Pegasus,Missy-ga,2,3,5.04,edutainment;serious
366,The Ramayana,shivreddy,2,4,4.03,edutainment;serious;socially important
59115,The Second Battle of Bull Run,Lurkinator,2,4,3.57,based off a true story;edutainment
58371,The Spanish Armada,Will11,3,5,5.41,edutainment;historical;war
32056,The Troubles,lenincloset,1,8,3.44,edutainment;historical;serious;war
47449,Three Hundred Thousand Tears,Crescentstar,6,6,6.15,based off a true story;contest entry;dystopia;edutainment;historical;horror;previously featured;serious;war
39502,Tikal Warrior,waldockmd,1,2,3.07,edutainment;historical;war
16402,Timewarp - Ancient times,Stratego,5,5,4.89,edutainment;historical;quiz
15863,Underground to Canada,Omni123,2,3,4.11,based off a true story;edutainment;historical
13019,Vocab #1,Mrmcclanahan,1,2,3.62,edutainment;quiz
51339,Waiting for the (Trump) Train,WouldntItBeNice,1,2,4.06,contest entry;edutainment;humor;lgbt
61670,Your Life as a Genetic Engineer!,franke,2,4,3.38,based off a true story;edutainment;socially important
